This Afternoon, 2024-06-30T12:00:00-05:00, 95, Chance Showers And Thunderstorms
Tonight, 2024-06-30T18:00:00-05:00, 76, Chance Showers And Thunderstorms then Mostly Cloudy
Monday, 2024-07-01T06:00:00-05:00, 94, Mostly Sunny
Monday Night, 2024-07-01T18:00:00-05:00, 71, Mostly Clear
Tuesday, 2024-07-02T06:00:00-05:00, 97, Sunny then Slight Chance Showers And Thunderstorms
Tuesday Night, 2024-07-02T18:00:00-05:00, 75, Slight Chance Showers And Thunderstorms then Partly Cloudy
Wednesday, 2024-07-03T06:00:00-05:00, 94, Mostly Sunny then Chance Showers And Thunderstorms
Wednesday Night, 2024-07-03T18:00:00-05:00, 74, Slight Chance Showers And Thunderstorms then Partly Cloudy
Independence Day, 2024-07-04T06:00:00-05:00, 95, Sunny then Slight Chance Showers And Thunderstorms
Thursday Night, 2024-07-04T18:00:00-05:00, 76, Mostly Clear
Friday, 2024-07-05T06:00:00-05:00, 96, Mostly Sunny then Chance Showers And Thunderstorms
Friday Night, 2024-07-05T18:00:00-05:00, 76, Slight Chance Showers And Thunderstorms
Saturday, 2024-07-06T06:00:00-05:00, 96, Mostly Sunny then Chance Showers And Thunderstorms
Saturday Night, 2024-07-06T18:00:00-05:00, 74, Chance Showers And Thunderstorms
